{"cameraMode":{"drawMode":0,"name":"Shaded","section":"Shading Mode"},"sceneLighting":false,"audioPlay":false,"sceneViewState":{"showFog":false,"showMaterialUpdate":false,"showSkybox":false,"showFlares":false,"showImageEffects":false,"showParticleSystems":false},"in2DMode":false,"pivot":{"x":564.0890502929688,"y":352.1153869628906,"z":141.398193359375},"rotation":{"x":-0.0273012463003397,"y":-0.018895039334893228,"z":0.0005162341403774917,"w":-0.9994497895240784},"size":315.2337646484375,"orthographic":false}