{"cameraMode":{"drawMode":0,"name":"Shaded","section":"Shading Mode"},"sceneLighting":true,"audioPlay":false,"sceneViewState":{"showFog":false,"showMaterialUpdate":false,"showSkybox":false,"showFlares":false,"showImageEffects":false,"showParticleSystems":false},"in2DMode":false,"pivot":{"x":-6.999999523162842,"y":5.003874778747559,"z":4.0},"rotation":{"x":-0.06025920808315277,"y":0.021556397899985315,"z":-0.0013008739333599806,"w":-0.9979519248008728},"size":19.90166473388672,"orthographic":false}